{
  "variants": {
    "age=0": [
	    { "model": "block/beetroots/beetroots_stage0" },
            { "model": "block/beetroots/beetroots_stage0a" },
            { "model": "block/beetroots/beetroots_stage0b" },
            { "model": "block/beetroots/beetroots_stage0c" },
            { "model": "block/beetroots/beetroots_stage0c" },
            { "model": "block/beetroots/beetroots_stage0d" },
            { "model": "block/beetroots/beetroots_stage0e" },
            { "model": "block/beetroots/beetroots_stage0f" },
            { "model": "block/beetroots/beetroots_stage0g" },
            { "model": "block/beetroots/beetroots_stage0h" },
            { "model": "block/beetroots/beetroots_stage0i" },
            { "model": "block/beetroots/beetroots_stage0j" },
            { "model": "block/beetroots/beetroots_stage0k" },
            { "model": "block/beetroots/beetroots_stage0l" },
            { "model": "block/beetroots/beetroots_stage0m" }
],
    "age=1": [{ "model": "block/beetroots/beetroots_stage1" },
            { "model": "block/beetroots/beetroots_stage1a" },
            { "model": "block/beetroots/beetroots_stage1b" },
            { "model": "block/beetroots/beetroots_stage1c" },
            { "model": "block/beetroots/beetroots_stage1c" },
            { "model": "block/beetroots/beetroots_stage1d" },
            { "model": "block/beetroots/beetroots_stage1e" },
            { "model": "block/beetroots/beetroots_stage1f" },
            { "model": "block/beetroots/beetroots_stage1g" },
            { "model": "block/beetroots/beetroots_stage1h" },
            { "model": "block/beetroots/beetroots_stage1i" },
            { "model": "block/beetroots/beetroots_stage1j" },
            { "model": "block/beetroots/beetroots_stage1k" },
            { "model": "block/beetroots/beetroots_stage1l" },
            { "model": "block/beetroots/beetroots_stage1m" }
],
    "age=2": [{ "model": "block/beetroots/beetroots_stage2" },
            { "model": "block/beetroots/beetroots_stage2a" },
            { "model": "block/beetroots/beetroots_stage2b" },
            { "model": "block/beetroots/beetroots_stage2c" },
            { "model": "block/beetroots/beetroots_stage2c" },
            { "model": "block/beetroots/beetroots_stage2d" },
            { "model": "block/beetroots/beetroots_stage2e" },
            { "model": "block/beetroots/beetroots_stage2f" },
            { "model": "block/beetroots/beetroots_stage2g" },
            { "model": "block/beetroots/beetroots_stage2h" },
            { "model": "block/beetroots/beetroots_stage2i" },
            { "model": "block/beetroots/beetroots_stage2j" },
            { "model": "block/beetroots/beetroots_stage2k" },
            { "model": "block/beetroots/beetroots_stage2l" },
            { "model": "block/beetroots/beetroots_stage2m" }
],
    "age=3": [{ "model": "block/beetroots/beetroots_stage3" },
            { "model": "block/beetroots/beetroots_stage3a" },
            { "model": "block/beetroots/beetroots_stage3b" },
            { "model": "block/beetroots/beetroots_stage3c" },
            { "model": "block/beetroots/beetroots_stage3c" },
            { "model": "block/beetroots/beetroots_stage3d" },
            { "model": "block/beetroots/beetroots_stage3e" },
            { "model": "block/beetroots/beetroots_stage3f" },
            { "model": "block/beetroots/beetroots_stage3g" },
            { "model": "block/beetroots/beetroots_stage3h" },
            { "model": "block/beetroots/beetroots_stage3i" },
            { "model": "block/beetroots/beetroots_stage3j" },
            { "model": "block/beetroots/beetroots_stage3k" },
            { "model": "block/beetroots/beetroots_stage3l" },
            { "model": "block/beetroots/beetroots_stage3m" }
]
  }
}