{
    "comment": "JSON written by ToeStub",
    "variants": {
        "age=0": [
            { "model": "block/carrots/carrots_stage0" },
            { "model": "block/carrots/carrots_stage0a" },
            { "model": "block/carrots/carrots_stage0b" },
            { "model": "block/carrots/carrots_stage0c" },
            { "model": "block/carrots/carrots_stage0c" },
            { "model": "block/carrots/carrots_stage0d" },
            { "model": "block/carrots/carrots_stage0e" },
            { "model": "block/carrots/carrots_stage0f" },
            { "model": "block/carrots/carrots_stage0g" },
            { "model": "block/carrots/carrots_stage0h" },
            { "model": "block/carrots/carrots_stage0i" },
            { "model": "block/carrots/carrots_stage0j" },
            { "model": "block/carrots/carrots_stage0k" },
            { "model": "block/carrots/carrots_stage0l" },
            { "model": "block/carrots/carrots_stage0m" }
        ],
        "age=1": [
            { "model": "block/carrots/carrots_stage0" },
            { "model": "block/carrots/carrots_stage0a" },
            { "model": "block/carrots/carrots_stage0b" },
            { "model": "block/carrots/carrots_stage0c" },
            { "model": "block/carrots/carrots_stage0c" },
            { "model": "block/carrots/carrots_stage0d" },
            { "model": "block/carrots/carrots_stage0e" },
            { "model": "block/carrots/carrots_stage0f" },
            { "model": "block/carrots/carrots_stage0g" },
            { "model": "block/carrots/carrots_stage0h" },
            { "model": "block/carrots/carrots_stage0i" },
            { "model": "block/carrots/carrots_stage0j" },
            { "model": "block/carrots/carrots_stage0k" },
            { "model": "block/carrots/carrots_stage0l" },
            { "model": "block/carrots/carrots_stage0m" }
        ],
        "age=2": [
            { "model": "block/carrots/carrots_stage1" },
            { "model": "block/carrots/carrots_stage1a" },
            { "model": "block/carrots/carrots_stage1b" },
            { "model": "block/carrots/carrots_stage1c" },
            { "model": "block/carrots/carrots_stage1c" },
            { "model": "block/carrots/carrots_stage1d" },
            { "model": "block/carrots/carrots_stage1e" },
            { "model": "block/carrots/carrots_stage1f" },
            { "model": "block/carrots/carrots_stage1g" },
            { "model": "block/carrots/carrots_stage1h" },
            { "model": "block/carrots/carrots_stage1i" },
            { "model": "block/carrots/carrots_stage1j" },
            { "model": "block/carrots/carrots_stage1k" },
            { "model": "block/carrots/carrots_stage1l" },
            { "model": "block/carrots/carrots_stage1m" }
        ],
        "age=3": [
            { "model": "block/carrots/carrots_stage1" },
            { "model": "block/carrots/carrots_stage1a" },
            { "model": "block/carrots/carrots_stage1b" },
            { "model": "block/carrots/carrots_stage1c" },
            { "model": "block/carrots/carrots_stage1c" },
            { "model": "block/carrots/carrots_stage1d" },
            { "model": "block/carrots/carrots_stage1e" },
            { "model": "block/carrots/carrots_stage1f" },
            { "model": "block/carrots/carrots_stage1g" },
            { "model": "block/carrots/carrots_stage1h" },
            { "model": "block/carrots/carrots_stage1i" },
            { "model": "block/carrots/carrots_stage1j" },
            { "model": "block/carrots/carrots_stage1k" },
            { "model": "block/carrots/carrots_stage1l" },
            { "model": "block/carrots/carrots_stage1m" }
        ],
        "age=4": [
            { "model": "block/carrots/carrots_stage2" },
            { "model": "block/carrots/carrots_stage2a" },
            { "model": "block/carrots/carrots_stage2b" },
            { "model": "block/carrots/carrots_stage2c" },
            { "model": "block/carrots/carrots_stage2c" },
            { "model": "block/carrots/carrots_stage2d" },
            { "model": "block/carrots/carrots_stage2e" },
            { "model": "block/carrots/carrots_stage2f" },
            { "model": "block/carrots/carrots_stage2g" },
            { "model": "block/carrots/carrots_stage2h" },
            { "model": "block/carrots/carrots_stage2i" },
            { "model": "block/carrots/carrots_stage2j" },
            { "model": "block/carrots/carrots_stage2k" },
            { "model": "block/carrots/carrots_stage2l" },
            { "model": "block/carrots/carrots_stage2m" }
        ],
        "age=5": [
            { "model": "block/carrots/carrots_stage2" },
            { "model": "block/carrots/carrots_stage2a" },
            { "model": "block/carrots/carrots_stage2b" },
            { "model": "block/carrots/carrots_stage2c" },
            { "model": "block/carrots/carrots_stage2c" },
            { "model": "block/carrots/carrots_stage2d" },
            { "model": "block/carrots/carrots_stage2e" },
            { "model": "block/carrots/carrots_stage2f" },
            { "model": "block/carrots/carrots_stage2g" },
            { "model": "block/carrots/carrots_stage2h" },
            { "model": "block/carrots/carrots_stage2i" },
            { "model": "block/carrots/carrots_stage2j" },
            { "model": "block/carrots/carrots_stage2k" },
            { "model": "block/carrots/carrots_stage2l" },
            { "model": "block/carrots/carrots_stage2m" }
        ],
        "age=6": [
            { "model": "block/carrots/carrots_stage2" },
            { "model": "block/carrots/carrots_stage2a" },
            { "model": "block/carrots/carrots_stage2b" },
            { "model": "block/carrots/carrots_stage2c" },
            { "model": "block/carrots/carrots_stage2c" },
            { "model": "block/carrots/carrots_stage2d" },
            { "model": "block/carrots/carrots_stage2e" },
            { "model": "block/carrots/carrots_stage2f" },
            { "model": "block/carrots/carrots_stage2g" },
            { "model": "block/carrots/carrots_stage2h" },
            { "model": "block/carrots/carrots_stage2i" },
            { "model": "block/carrots/carrots_stage2j" },
            { "model": "block/carrots/carrots_stage2k" },
            { "model": "block/carrots/carrots_stage2l" },
            { "model": "block/carrots/carrots_stage2m" }
        ],
        "age=7": [
            { "model": "block/carrots/carrots_stage3" },
            { "model": "block/carrots/carrots_stage3a" },
            { "model": "block/carrots/carrots_stage3b" },
            { "model": "block/carrots/carrots_stage3c" },
            { "model": "block/carrots/carrots_stage3c" },
            { "model": "block/carrots/carrots_stage3d" },
            { "model": "block/carrots/carrots_stage3e" },
            { "model": "block/carrots/carrots_stage3f" },
            { "model": "block/carrots/carrots_stage3g" },
            { "model": "block/carrots/carrots_stage3h" },
            { "model": "block/carrots/carrots_stage3i" },
            { "model": "block/carrots/carrots_stage3j" },
            { "model": "block/carrots/carrots_stage3k" },
            { "model": "block/carrots/carrots_stage3l" },
            { "model": "block/carrots/carrots_stage3m" }
        ]
    }
}
