{
    "comment": "JSON written by ToeStub",
    "variants": {
        "age=0": [
            { "model": "block/wheat/wheat_stage0" },
            { "model": "block/wheat/wheat_stage0a" },
            { "model": "block/wheat/wheat_stage0b" },
            { "model": "block/wheat/wheat_stage0c" },
            { "model": "block/wheat/wheat_stage0c" },
            { "model": "block/wheat/wheat_stage0d" },
            { "model": "block/wheat/wheat_stage0e" },
            { "model": "block/wheat/wheat_stage0f" },
            { "model": "block/wheat/wheat_stage0g" },
            { "model": "block/wheat/wheat_stage0h" },
            { "model": "block/wheat/wheat_stage0i" },
            { "model": "block/wheat/wheat_stage0j" },
            { "model": "block/wheat/wheat_stage0k" },
            { "model": "block/wheat/wheat_stage0l" },
            { "model": "block/wheat/wheat_stage0m" }
        ],
        "age=1": [
            { "model": "block/wheat/wheat_stage1" },
            { "model": "block/wheat/wheat_stage1a" },
            { "model": "block/wheat/wheat_stage1b" },
            { "model": "block/wheat/wheat_stage1c" },
            { "model": "block/wheat/wheat_stage1c" },
            { "model": "block/wheat/wheat_stage1d" },
            { "model": "block/wheat/wheat_stage1e" },
            { "model": "block/wheat/wheat_stage1f" },
            { "model": "block/wheat/wheat_stage1g" },
            { "model": "block/wheat/wheat_stage1h" },
            { "model": "block/wheat/wheat_stage1i" },
            { "model": "block/wheat/wheat_stage1j" },
            { "model": "block/wheat/wheat_stage1k" },
            { "model": "block/wheat/wheat_stage1l" },
            { "model": "block/wheat/wheat_stage1m" }
        ],
        "age=2": [
            { "model": "block/wheat/wheat_stage2" },
            { "model": "block/wheat/wheat_stage2a" },
            { "model": "block/wheat/wheat_stage2b" },
            { "model": "block/wheat/wheat_stage2c" },
            { "model": "block/wheat/wheat_stage2c" },
            { "model": "block/wheat/wheat_stage2d" },
            { "model": "block/wheat/wheat_stage2e" },
            { "model": "block/wheat/wheat_stage2f" },
            { "model": "block/wheat/wheat_stage2g" },
            { "model": "block/wheat/wheat_stage2h" },
            { "model": "block/wheat/wheat_stage2i" },
            { "model": "block/wheat/wheat_stage2j" },
            { "model": "block/wheat/wheat_stage2k" },
            { "model": "block/wheat/wheat_stage2l" },
            { "model": "block/wheat/wheat_stage2m" }
        ],
        "age=3": [
            { "model": "block/wheat/wheat_stage3" },
            { "model": "block/wheat/wheat_stage3a" },
            { "model": "block/wheat/wheat_stage3b" },
            { "model": "block/wheat/wheat_stage3c" },
            { "model": "block/wheat/wheat_stage3c" },
            { "model": "block/wheat/wheat_stage3d" },
            { "model": "block/wheat/wheat_stage3e" },
            { "model": "block/wheat/wheat_stage3f" },
            { "model": "block/wheat/wheat_stage3g" },
            { "model": "block/wheat/wheat_stage3h" },
            { "model": "block/wheat/wheat_stage3i" },
            { "model": "block/wheat/wheat_stage3j" },
            { "model": "block/wheat/wheat_stage3k" },
            { "model": "block/wheat/wheat_stage3l" },
            { "model": "block/wheat/wheat_stage3m" }
        ],
        "age=4": [
            { "model": "block/wheat/wheat_stage4" },
            { "model": "block/wheat/wheat_stage4a" },
            { "model": "block/wheat/wheat_stage4b" },
            { "model": "block/wheat/wheat_stage4c" },
            { "model": "block/wheat/wheat_stage4c" },
            { "model": "block/wheat/wheat_stage4d" },
            { "model": "block/wheat/wheat_stage4e" },
            { "model": "block/wheat/wheat_stage4f" },
            { "model": "block/wheat/wheat_stage4g" },
            { "model": "block/wheat/wheat_stage4h" },
            { "model": "block/wheat/wheat_stage4i" },
            { "model": "block/wheat/wheat_stage4j" },
            { "model": "block/wheat/wheat_stage4k" },
            { "model": "block/wheat/wheat_stage4l" },
            { "model": "block/wheat/wheat_stage4m" }
        ],
        "age=5": [
            { "model": "block/wheat/wheat_stage5" },
            { "model": "block/wheat/wheat_stage5a" },
            { "model": "block/wheat/wheat_stage5b" },
            { "model": "block/wheat/wheat_stage5c" },
            { "model": "block/wheat/wheat_stage5c" },
            { "model": "block/wheat/wheat_stage5d" },
            { "model": "block/wheat/wheat_stage5e" },
            { "model": "block/wheat/wheat_stage5f" },
            { "model": "block/wheat/wheat_stage5g" },
            { "model": "block/wheat/wheat_stage5h" },
            { "model": "block/wheat/wheat_stage5i" },
            { "model": "block/wheat/wheat_stage5j" },
            { "model": "block/wheat/wheat_stage5k" },
            { "model": "block/wheat/wheat_stage5l" },
            { "model": "block/wheat/wheat_stage5m" }
        ],
        "age=6": [
            { "model": "block/wheat/wheat_stage6" },
            { "model": "block/wheat/wheat_stage6a" },
            { "model": "block/wheat/wheat_stage6b" },
            { "model": "block/wheat/wheat_stage6c" },
            { "model": "block/wheat/wheat_stage6c" },
            { "model": "block/wheat/wheat_stage6d" },
            { "model": "block/wheat/wheat_stage6e" },
            { "model": "block/wheat/wheat_stage6f" },
            { "model": "block/wheat/wheat_stage6g" },
            { "model": "block/wheat/wheat_stage6h" },
            { "model": "block/wheat/wheat_stage6i" },
            { "model": "block/wheat/wheat_stage6j" },
            { "model": "block/wheat/wheat_stage6k" },
            { "model": "block/wheat/wheat_stage6l" },
            { "model": "block/wheat/wheat_stage6m" }
        ],
        "age=7": [
            { "model": "block/wheat/wheat_stage7" },
            { "model": "block/wheat/wheat_stage7a" },
            { "model": "block/wheat/wheat_stage7b" },
            { "model": "block/wheat/wheat_stage7c" },
            { "model": "block/wheat/wheat_stage7c" },
            { "model": "block/wheat/wheat_stage7d" },
            { "model": "block/wheat/wheat_stage7e" },
            { "model": "block/wheat/wheat_stage7f" },
            { "model": "block/wheat/wheat_stage7g" },
            { "model": "block/wheat/wheat_stage7h" },
            { "model": "block/wheat/wheat_stage7i" },
            { "model": "block/wheat/wheat_stage7j" },
            { "model": "block/wheat/wheat_stage7k" },
            { "model": "block/wheat/wheat_stage7l" },
            { "model": "block/wheat/wheat_stage7m" }
        ]
    }
}
