{
	"credit": "Made with Blockbench",
	"ambientocclusion": false,
	"textures": {
		"particle": "#crop"
	},
	"elements": [
		{
			"from": [4.25, -1, 2.5],
			"to": [4.25, 15, 18.5],
			"shade": false,
			"rotation": {"angle": 22.5, "axis": "y", "origin": [0, 0, 0]},
			"faces": {
				"east": {"uv": [16, 0, 0, 16], "texture": "#crop"},
				"west": {"uv": [0, 0, 16, 16], "texture": "#crop"}
			}
		},
		{
			"from": [-3.75, -1, 10.5],
			"to": [12.25, 15, 10.5],
			"shade": false,
			"rotation": {"angle": 22.5, "axis": "y", "origin": [0, 0, 0]},
			"faces": {
				"north": {"uv": [0, 0, 16, 16], "texture": "#crop"},
				"south": {"uv": [16, 0, 0, 16], "texture": "#crop"}
			}
		}
	]
}