{
	"credit": "Made with Blockbench",
	"ambientocclusion": false,
	"textures": {
		"particle": "#crop"
	},
	"elements": [
		{
			"from": [3, -1, 0],
			"to": [3, 15, 16],
			"shade": false,
			"rotation": {"angle": 0, "axis": "y", "origin": [2, 0, -1]},
			"faces": {
				"east": {"uv": [16, 0, 0, 16], "texture": "#crop"},
				"west": {"uv": [0, 0, 16, 16], "texture": "#crop"}
			}
		},
		{
			"from": [-5, -1, 11],
			"to": [11, 15, 11],
			"shade": false,
			"rotation": {"angle": 22.5, "axis": "y", "origin": [2, 0, -1]},
			"faces": {
				"north": {"uv": [16, 0, 0, 16], "texture": "#crop"},
				"south": {"uv": [0, 0, 16, 16], "texture": "#crop"}
			}
		},
		{
			"from": [2, -1, 3],
			"to": [18, 15, 3],
			"shade": false,
			"rotation": {"angle": -22.5, "axis": "y", "origin": [2, 0, -1]},
			"faces": {
				"north": {"uv": [0, 0, 16, 16], "texture": "#crop"},
				"south": {"uv": [16, 0, 0, 16], "texture": "#crop"}
			}
		}
	]
}