{
	"credit": "Made with Blockbench",
	"ambientocclusion": false,
	"texture_size": [32, 32],
	"textures": {
		"4": "block/ground_vines_p",
		"particle": "#stem"
	},
	"elements": [
		{
			"from": [0, -1, 8],
			"to": [16, 7, 8],
			"rotation": {"angle": 45, "axis": "y", "origin": [8, 8, 8], "rescale": true},
			"faces": {
				"north": {"uv": [0, 0, 16, 8], "texture": "#stem", "tintindex": 0},
				"south": {"uv": [16, 0, 0, 8], "texture": "#stem", "tintindex": 0}
			}
		},
		{
			"from": [8, -1, 0],
			"to": [8, 7, 16],
			"rotation": {"angle": 45, "axis": "y", "origin": [8, 8, 8], "rescale": true},
			"faces": {
				"east": {"uv": [16, 0, 0, 8], "texture": "#stem", "tintindex": 0},
				"west": {"uv": [0, 0, 16, 8], "texture": "#stem", "tintindex": 0}
			}
		},
		{
			"from": [-7, 0, 8],
			"to": [9, 18, 8],
			"faces": {
				"north": {"uv": [16, 0, 0, 16], "texture": "#upperstem", "tintindex": 0},
				"south": {"uv": [0, 0, 16, 16], "texture": "#upperstem", "tintindex": 0}
			}
		},
		{
			"from": [0, -0.25, 0],
			"to": [16, -0.25, 16],
			"faces": {
				"north": {"uv": [0, 0, 8, 0], "texture": "#4"},
				"east": {"uv": [0, 0, 8, 0], "texture": "#4"},
				"south": {"uv": [0, 0, 8, 0], "texture": "#4"},
				"west": {"uv": [0, 0, 8, 0], "texture": "#4"},
				"up": {"uv": [16, 16, 0, 0], "texture": "#4"},
				"down": {"uv": [16, 0, 0, 16], "texture": "#4"}
			}
		}
	]
}