{
  "variants": {
    "half=lower": [
{ "model": "block/large_fern_bottom", "weight":1 },
{ "model": "block/large_fern_bottom2", "weight":1 },
{ "model": "block/large_fern_bottom3", "weight":1 },
{ "model": "block/large_fern_bottom4", "weight":1 },
{ "model": "block/large_fern_bottom01", "weight":1 },
{ "model": "block/large_fern_bottom02", "weight":1 },
{ "model": "block/large_fern_bottom03", "weight":1 },
{ "model": "block/large_fern_bottom04", "weight":1 },
{ "model": "block/large_fern_bottom11", "weight":1 },
{ "model": "block/large_fern_bottom12", "weight":1 },
{ "model": "block/large_fern_bottom13", "weight":1 },
{ "model": "block/large_fern_bottom14", "weight":1 },
{ "model": "block/large_fern_bottom21", "weight":1 },
{ "model": "block/large_fern_bottom22", "weight":1 },
{ "model": "block/large_fern_bottom23", "weight":1 },
{ "model": "block/large_fern_bottom24", "weight":1 }
],

    "half=upper": [
{ "model": "block/large_fern_top", "weight":1 },
{ "model": "block/large_fern_top2", "weight":1 },
{ "model": "block/large_fern_top3", "weight":1 },
{ "model": "block/large_fern_top4", "weight":1 },
{ "model": "block/large_fern_top01", "weight":1 },
{ "model": "block/large_fern_top02", "weight":1 },
{ "model": "block/large_fern_top03", "weight":1 },
{ "model": "block/large_fern_top04", "weight":1 },
{ "model": "block/large_fern_top11", "weight":1 },
{ "model": "block/large_fern_top12", "weight":1 },
{ "model": "block/large_fern_top13", "weight":1 },
{ "model": "block/large_fern_top14", "weight":1 },
{ "model": "block/large_fern_top21", "weight":1 },
{ "model": "block/large_fern_top22", "weight":1 },
{ "model": "block/large_fern_top23", "weight":1 },
{ "model": "block/large_fern_top24", "weight":1 }
    ]}}}